Parameter,Estimate,1sigma
a,91143.84835774971,2317.443644316807
b,775.9482639713292,68.41310722133449
c,0.18546450698433486,0.0038447935020597657
