Parameter,Estimate,1sigma
a,201321.1206761032,2668.2339310607244
b,156.31763450897387,20.536999872359523
c,0.11287930842321697,0.003487738876431129
