Parameter,Estimate,1sigma
a,141421.83740507127,1703.4516963698982
b,692.4233253373781,55.496950943438726
c,0.17097782948739057,0.002746561661504229
