Parameter,Estimate,1sigma
a,184149.4858121599,2655.327443929245
b,234.43476333122385,31.368676518762992
c,0.12764722825444166,0.0037905307916555092
