Parameter,Estimate,1sigma
a,95325.7099845881,1855.2623124874563
b,713.5885331632876,58.343013482893426
c,0.18053368122900995,0.0033181685521034717
