Parameter,Estimate,1sigma
a,135916.82717523805,1508.7543336078506
b,785.4967187863974,52.082936472421245
c,0.17672763324300478,0.0023637362608544743
