Parameter,Estimate,1sigma
a,176450.55233460042,2538.7069176155096
b,283.3245900493272,37.00106717830887
c,0.1347844186315861,0.0038002632783427424
