Parameter,Estimate,1sigma
a,151293.82443573102,1795.993692451921
b,542.823917252821,51.26030259403443
c,0.1605034940026001,0.0030305514064721236
