Parameter,Estimate,1sigma
a,204665.85739978956,2603.838578772799
b,144.70178586646713,18.676240834206673
c,0.1101531329293835,0.003375024503732735
