Parameter,Estimate,1sigma
a,156571.53762733404,1959.9604248487997
b,472.0799869538014,49.63231417570238
c,0.15480566429038548,0.0032877527808786154
