Parameter,Estimate,1sigma
a,195566.51696898136,2721.727845451208
b,178.6180507015665,23.935484585739825
c,0.11766189744680404,0.0036418228877360868
