Parameter,Estimate,1sigma
a,221107.70967929947,1881.5691812078876
b,97.57481554467948,10.647151658068598
c,0.09688867000749898,0.0025820907069956157
