Parameter,Estimate,1sigma
a,166123.57462161873,2423.7658442481898
b,368.03355508567967,46.176749746932224
c,0.14489365356767822,0.0038021109319580026
